player_name,age,team_abbreviation,draft_round,draft_number,player_height,player_weight,ptsseason1,ptsseason2,ptsseason3,ptsseason4,ptsseason5
AJ Price,23,IND,2,52,187.96,82.100152,7.3,6.5,3.9,7.7,1.6
Aaron Gordon,19,ORL,1,4,205.74,99.79024,5.2,9.2,12.7,17.6,16
Aaron Gray,23,CHI,2,49,213.36,122.46984,4.3,3.5,3.3,3.1,3.9
Aaron Holiday,22,IND,1,23,185.42,83.91452,5.9,9.5,7.2,6.3,3.9
Adonal Foyle,23,GSW,1,8,208.28,113.398,3,2.9,5.5,5.9,4.8
Al Harrington,19,IND,1,25,205.74,104.32616,2.1,6.6,7.5,13.1,12.2
Al Horford,22,ATL,1,3,208.28,111.13004,10.1,11.5,14.2,15.3,12.4
Al Jefferson,20,BOS,1,15,208.28,120.20188,6.7,7.9,16,21,23.1
Al-Farouq Aminu,20,LAC,1,8,205.74,97.52228,5.6,6,7.3,7.2,5.6
Alec Burks,20,UTA,1,12,198.12,91.625584,7.2,7,14,13.9,13.3
Alex Len,21,PHX,1,5,215.9,115.66596,2,6.3,9,8,8.5
Alize Johnson,23,IND,2,50,205.74,96.161504,0.9,2,5.2,1.8,1.8
Allen Crabbe,22,POR,2,31,198.12,95.25432,2.2,3.3,10.3,10.7,13.2
Allen Iverson,22,PHI,1,1,182.88,74.84268,23.5,22,26.8,28.4,31.1
Alvin Williams,23,TOR,2,47,195.58,83.91452,6,5,5.3,9.8,11.8
Amar'e Stoudemire,20,PHX,1,9,208.28,111.13004,13.5,20.6,26,8.7,20.4
Amir Johnson,19,DET,2,56,205.74,95.25432,6.7,5.9,3.6,3.5,6.2
Anderson Varejao,22,CLE,2,30,208.28,104.32616,4.9,4.6,6.8,6.7,8.6
Andray Blatche,19,WAS,2,49,210.82,106.59412,2.2,3.7,7.5,10,14.1
Andre Drummond,19,DET,1,9,208.28,122.46984,7.9,13.5,13.8,16.2,13.6
Andre Iguodala,21,PHI,1,9,198.12,93.893544,9,12.3,18.2,19.9,18.8
Andre Miller,24,CLE,1,8,187.96,92.079176,11.1,15.8,16.5,13.6,14.8
Andre Roberson,22,OKC,1,26,200.66,95.25432,1.9,3.4,4.8,6.6,5
Andrea Bargnani,21,TOR,1,1,213.36,113.398,11.6,10.2,15.4,17.2,21.4
Andrew Bogut,21,MIL,1,1,213.36,111.13004,9.4,12.3,14.3,11.7,15.9
Andrew Bynum,18,LAL,1,10,213.36,124.7378,1.6,7.8,13.1,14.3,15
Andrew Nicholson,23,ORL,1,19,205.74,113.398,7.8,5.7,4.9,6.9,2.6
Andrew Wiggins,20,MIN,1,1,203.2,90.264808,16.9,20.7,23.6,17.7,18.1
Andris Biedrins,19,GSW,1,11,210.82,108.86208,3.6,3.8,9.5,10.5,11.9
Anfernee Simons,20,POR,1,24,193.04,83.91452,3.8,8.3,7.8,17.3,21.1
Antawn Jamison,23,GSW,1,4,205.74,101.151016,9.6,19.6,24.9,19.7,22.2
Anthony Davis,20,NOP,1,1,208.28,99.79024,13.5,20.8,24.4,24.3,28
Anthony Johnson,23,SAC,2,39,190.5,86.18248,7.5,5,2.8,2.5,2.8
Anthony Randolph,19,GSW,1,14,208.28,95.25432,7.9,11.6,7.6,7.4,3.7
Antoine Walker,20,BOS,1,6,205.74,101.604608,17.5,22.4,18.7,20.5,23.4
Antoine Wright,22,BKN,1,15,200.66,95.25432,1.8,4.5,6.3,7.3,6.5
Antonio Daniels,23,MEM,1,4,193.04,88.45044,7.8,4.7,6.2,9.4,9.2
Arron Afflalo,22,DET,1,27,195.58,97.52228,3.7,4.9,8.8,12.6,15.2
Austin Croshere,23,IND,1,12,205.74,106.59412,2.9,3.4,10.3,10.1,6.8
Austin Daye,22,DET,1,15,210.82,90.7184,5.1,7.5,4.7,4.5,3
Austin Rivers,20,NOP,1,10,193.04,90.7184,6.2,7.7,7,8.9,12
Avery Bradley,20,BOS,1,19,187.96,81.64656,1.7,7.6,9.2,14.9,13.9
Bam Adebayo,20,MIA,1,14,208.28,115.66596,6.9,8.9,15.9,18.7,19.1
Baron Davis,21,CHA,1,3,190.5,95.25432,5.9,13.8,18.1,17.1,22.9
Ben Gordon,22,CHI,1,3,190.5,90.7184,15.1,16.9,21.4,18.6,20.7
Ben McLemore,21,SAC,1,7,195.58,88.45044,8.8,12.1,7.8,8.1,7.5
Beno Udrih,22,SAS,1,28,190.5,90.7184,5.9,5.1,4.7,12.8,11
Bismack Biyombo,19,CHA,1,7,205.74,111.13004,5.2,4.8,2.9,4.8,5.5
Bobby Jackson,25,DEN,1,23,185.42,83.91452,11.6,7.1,5.1,7.2,11.1
Bobby Portis,21,CHI,1,22,210.82,104.32616,7,6.8,13.2,14.2,10.1
Bobby Simmons,22,WAS,2,41,198.12,106.59412,3.7,3.3,7.8,16.4,13.4
Bonzi Wells,22,POR,1,11,195.58,95.25432,4.4,8.8,12.6,17,15.2
Boris Diaw,22,ATL,1,21,203.2,97.52228,4.5,4.8,13.3,9.7,8.8
Bostjan Nachbar,22,HOU,1,15,205.74,100.243832,2.1,3.1,7,4.4,9.2
Bradley Beal,20,WAS,1,3,195.58,93.893544,13.9,17.1,15.3,17.4,23.1
Brandon Bass,21,NOP,2,33,203.2,108.86208,2.3,2,8.3,8.5,5.8
Brandon Ingram,19,LAL,1,2,205.74,86.18248,9.4,16.1,18.3,23.8,23.8
Brandon Jennings,20,MIL,1,10,185.42,76.657048,15.5,16.2,19.1,17.5,15.5
Brandon Knight,20,DET,1,8,190.5,85.728888,12.8,13.3,17.9,17,19.6
Brandon Roy,22,POR,1,6,198.12,103.872568,16.8,19.1,22.6,21.5,12.2
Brandon Rush,23,IND,1,13,198.12,95.25432,8.1,9.4,9.1,9.8,7
Brendan Haywood,22,WAS,1,20,213.36,120.655472,5.1,6.2,7,9.4,7.3
Brevin Knight,22,CLE,1,16,177.8,78.471416,9,9.6,9.3,6.3,7
Brian Cardinal,24,DET,2,44,203.2,111.13004,2.1,2.1,0.8,9.6,9
Brian Cook,23,LAL,1,24,205.74,106.140528,4.4,6.4,7.9,6.9,4.7
Brian Scalabrine,24,BKN,2,34,205.74,108.86208,2.1,3.1,3.5,6.3,2.9
Brian Skinner,23,LAC,1,22,205.74,115.66596,4.1,5.4,4.1,3.4,6
Brook Lopez,21,BKN,1,10,213.36,117.93392,13,18.8,20.4,19.2,19.4
Bruce Brown,22,DET,2,42,195.58,91.625584,4.3,8.9,8.8,9,11.5
Bruno Caboclo,19,TOR,1,20,205.74,92.98636,1.3,0.5,1.6,2.2,8.3
Bruno Sundov,19,DAL,2,35,218.44,99.79024,1.3,1.9,3.9,1.5,1.2
Bryce Drew,24,HOU,1,16,190.5,83.91452,3.5,5.8,6.3,3.4,1.5
Buddy Hield,23,SAC,1,6,193.04,97.068688,10.6,13.5,20.7,19.2,16.6
Byron Mullens,21,OKC,1,24,213.36,124.7378,1.1,1.9,9.3,10.6,4.2
CJ McCollum,22,POR,1,10,193.04,90.7184,5.3,6.8,20.8,23,21.4
CJ Miles,19,UTA,2,34,198.12,95.25432,3.4,2.7,5,9.1,9.9
Calvin Booth,24,WAS,2,35,210.82,109.315672,3.8,5.3,6.2,2.9,4.9
Cameron Payne,21,OKC,1,14,190.5,83.91452,5,5.2,8.8,6.3,10.9
Caris LeVert,22,BKN,1,20,200.66,92.079176,8.2,12.1,13.7,18.7,20.2
Carl Landry,24,HOU,2,31,205.74,112.490816,8.1,9.2,16.8,11.9,12.5
Carlos Boozer,21,CLE,2,34,205.74,127.00576,10,15.5,17.8,16.3,20.9
Carmelo Anthony,20,DEN,1,3,203.2,99.79024,21,20.8,26.5,28.9,25.7
Caron Butler,23,MIA,1,10,200.66,98.429464,15.4,9.2,15.5,17.6,19.1
Cedric Henderson,23,CLE,2,44,200.66,97.52228,10.1,9.1,5.4,4.3,3
Chandler Parsons,23,HOU,2,38,205.74,102.965384,9.5,15.5,16.6,15.7,13.7
Channing Frye,23,NYK,1,8,210.82,112.490816,12.3,9.5,6.8,4.2,11.2
Charlie Villanueva,21,TOR,1,7,210.82,108.86208,13,11.8,11.7,16.2,11.9
Chase Budinger,22,HOU,2,44,200.66,98.883056,8.9,9.8,9.6,9.4,6.7
Chauncey Billups,21,TOR,1,3,190.5,91.625584,11.2,13.9,8.6,9.3,12.5
Chimezie Metu,22,SAS,2,49,208.28,102.0582,1.8,3.2,6.3,8.9,4.9
Chris Bosh,20,TOR,1,4,208.28,95.25432,11.5,16.8,22.5,22.6,22.3
Chris Crawford,23,ATL,2,50,205.74,106.59412,3.8,6.9,4.6,6.8,7.6
Chris Duhon,22,CHI,2,38,185.42,83.91452,5.9,8.7,7.2,5.8,11.1
Chris Kaman,22,LAC,1,6,213.36,121.562656,6.1,9.1,11.9,10.1,15.7
Chris Mihm,21,CLE,1,7,215.9,120.20188,7.6,7.7,5.9,6.3,9.8
Chris Paul,21,NOP,1,4,182.88,79.3786,16.1,17.3,21.1,22.8,18.7
Chris Wilcox,20,LAC,1,8,208.28,100.243832,3.7,8.6,7.9,8.1,13.5
Clint Capela,21,HOU,1,25,208.28,108.86208,2.7,7,12.6,13.9,16.6
Cody Zeller,21,CHA,1,4,213.36,108.86208,6,7.6,8.7,10.3,7.1
Cole Aldrich,22,OKC,1,11,210.82,111.13004,1,2.2,2.2,2,5.5
Collin Sexton,20,CLE,1,8,187.96,86.18248,16.7,20.8,24.3,16,14.3
Corey Brewer,22,MIN,1,7,205.74,83.91452,5.8,6.2,13,8,8.9
Corey Maggette,20,ORL,1,13,198.12,98.883056,8.4,10,11.4,16.8,20.7
Cory Joseph,20,SAS,1,29,190.5,83.91452,2,4.5,5,6.8,8.5
Courtney Lee,23,ORL,1,22,195.58,90.7184,8.4,12.5,8.3,11.4,7.8
Craig Smith,23,MIN,2,36,200.66,123.377024,7.4,9.4,10.1,7.8,5.4
Cuttino Mobley,23,HOU,2,41,193.04,86.18248,9.9,15.8,19.5,21.7,17.5
D'Angelo Russell,20,LAL,1,2,195.58,88.45044,13.2,15.6,15.5,21.1,23.1
D.J. Augustin,21,CHA,1,9,182.88,81.64656,11.8,6.4,14.4,11.1,4.7
D.J. Wilson,22,MIL,1,17,208.28,107.047712,1,5.8,3.6,5.2,7.5
DJ White,22,OKC,1,29,205.74,113.851592,8.9,4.9,5.7,6.8,2.4
Daequan Cook,21,MIA,1,21,195.58,92.98636,8.8,9.1,5,5.6,5.5
Dahntay Jones,23,MEM,1,20,198.12,95.25432,1.8,4.5,4,7.5,3.2
Damian Jones,22,GSW,1,30,213.36,111.13004,1.9,1.7,5.4,5.6,4.7
Damian Lillard,22,POR,1,6,190.5,88.45044,19,20.7,21,25.1,27
Damyean Dotson,24,NYK,2,44,195.58,95.25432,4.1,10.7,6.7,6.7,2
Dan Dickau,24,ATL,1,28,182.88,86.18248,3.7,2.2,12.5,3.3,3.3
Dan Gadzuric,25,MIL,2,33,210.82,108.86208,3.4,5.7,7.3,5.2,4.8
Daniel Gibson,21,CLE,2,42,187.96,86.18248,4.6,10.4,7.8,6.3,11.6
Danilo Gallinari,20,NYK,1,6,208.28,102.0582,6.1,15.1,15.6,14.6,16.2
Danny Fortson,22,DEN,1,10,200.66,117.93392,10.2,11,7.6,16.7,11.2
Danny Granger,23,IND,1,17,205.74,103.418976,7.5,13.9,19.6,25.8,24.1
Danny Green,23,CLE,2,46,198.12,95.25432,2,5.1,9.1,10.5,9.1
Dante Cunningham,23,POR,2,33,203.2,104.32616,3.9,6.2,5.2,8.7,6.3
Darius Miles,19,LAC,1,3,205.74,91.625584,9.4,9.5,9.2,10.9,12.8
Darko Milicic,19,DET,1,2,213.36,111.13004,1.4,1.8,4.8,8,7.2
Darren Collison,22,NOP,1,21,182.88,72.57472,12.4,13.2,10.4,12,11.4
David Lee,23,NYK,1,30,205.74,112.944408,5.1,10.7,10.8,16,20.2
David West,23,NOP,1,18,205.74,108.86208,3.8,6.2,17.1,18.3,20.6
De'Aaron Fox,20,SAC,1,5,190.5,79.3786,11.6,17.3,21.1,25.2,23.2
De'Anthony Melton,21,PHX,2,46,193.04,90.7184,5,7.6,9.1,10.8,10.1
DeAndre Jordan,20,LAC,2,35,210.82,113.398,4.3,4.8,7.1,7.4,8.8
DeAndre' Bembry,22,ATL,1,21,198.12,95.25432,2.7,5.2,8.4,5.8,5.7
DeJuan Blair,21,SAS,2,37,200.66,120.20188,7.8,8.3,9.5,5.4,6.4
DeMar DeRozan,20,TOR,1,9,200.66,99.79024,8.6,17.2,16.7,18.1,22.7
DeMarcus Cousins,20,SAC,1,5,210.82,122.46984,14.1,18.1,17.1,22.7,24.1
DeMarre Carroll,23,MEM,1,27,203.2,96.161504,2.9,0.8,4.5,6,11.1
DeSagana Diop,20,CLE,1,8,213.36,136.0776,1.4,1.5,2.3,1,2.3
DeShawn Stevenson,20,UTA,1,23,195.58,95.25432,2.2,4.9,4.6,11.4,7.8
Deandre Ayton,20,PHX,1,1,215.9,113.398,16.3,18.2,14.4,17.2,18
Delon Wright,24,TOR,1,20,195.58,86.18248,3.8,5.6,8,8.7,6.9
Delonte West,21,BOS,1,24,193.04,81.64656,4.5,11.8,12.2,8.3,11.7
Dennis Schroder,20,ATL,1,17,185.42,76.203456,3.7,10,11,17.9,19.4
Dennis Smith Jr.,20,DAL,1,9,190.5,88.45044,15.2,13.6,5.5,6.7,5.6
Derek Anderson,23,CLE,1,13,195.58,88.45044,11.7,10.8,16.9,15.5,10.8
Derek Fisher,22,LAL,1,24,185.42,90.7184,3.9,5.8,5.9,6.3,11.5
Deron Williams,22,UTA,1,3,190.5,95.25432,10.8,16.2,18.8,19.4,18.7
Derrick Favors,19,UTA,1,3,208.28,111.583632,6.8,8.8,9.4,13.3,16
Derrick White,23,SAS,1,29,193.04,86.18248,3.2,9.9,11.3,15.4,13.2
Derrick Williams,21,MIN,1,2,203.2,109.315672,8.8,12,8,8.3,9.3
Desmond Mason,23,OKC,1,17,195.58,97.52228,5.9,12.4,14.3,14.4,17.2
Devean George,22,LAL,1,23,203.2,99.79024,3.2,3.1,7.1,6.9,7.4
Devin Booker,19,PHX,1,13,198.12,93.439952,13.8,22.1,24.9,26.6,26.6
Devin Harris,22,DAL,1,5,190.5,83.91452,5.7,9.9,10.2,14.8,21.3
Devonte' Graham,24,CHA,2,34,187.96,83.91452,4.7,18.2,14.8,11.9,7.4
Dillon Brooks,22,MEM,2,45,198.12,99.79024,11,7.5,16.2,17.2,18.4
Dion Glover,21,ATL,1,20,195.58,103.418976,6.5,5.9,8.9,9.7,9
Dion Waiters,21,CLE,1,4,193.04,97.52228,14.7,15.9,11.8,9.8,15.8
Dirk Nowitzki,21,DAL,1,9,213.36,107.501304,8.2,17.5,21.8,23.4,25.1
Domantas Sabonis,21,OKC,1,11,210.82,108.86208,5.9,11.6,14.1,18.5,20.3
Dominic McGuire,22,WAS,2,47,205.74,99.79024,1.3,4.5,0.7,3.3,3.5
Donnell Harvey,20,DAL,1,22,203.2,99.79024,1.2,5.7,7.9,4,2.7
Donovan Mitchell,21,UTA,1,13,190.5,97.52228,20.5,23.8,24,26.4,25.9
Donte DiVincenzo,22,MIL,1,17,193.04,92.079176,4.9,9.2,10.4,9,9.4
Dorell Wright,19,MIA,1,19,200.66,95.25432,2.3,2.9,6,7.9,3
Doug McDermott,23,CHI,1,11,203.2,102.0582,3,9.4,9,7.8,7.3
Draymond Green,23,GSW,2,35,200.66,104.32616,2.9,6.2,11.7,14,10.2
Drew Gooden,21,ORL,1,4,208.28,104.32616,12.5,11.6,14.4,10.7,11.1
Dwight Howard,19,ORL,1,1,210.82,113.398,12,15.8,17.6,20.7,20.6
Dwight Powell,23,DAL,2,45,210.82,108.86208,3.1,5.8,6.7,8.5,10.6
Dwyane Wade,22,MIA,1,5,193.04,96.161504,16.2,24.1,27.2,27.4,24.6
E'Twaun Moore,23,BOS,2,55,193.04,86.636072,2.9,7.8,6.3,2.7,7.5
Earl Clark,22,PHX,1,14,208.28,102.0582,2.7,3.9,2.7,7.3,4.8
Earl Watson,23,OKC,2,39,185.42,86.18248,3.6,5.5,5.7,7.7,8.9
Ed Davis,22,TOR,1,13,208.28,97.52228,7.7,6.3,7.7,5.7,8.3
Eddie House,23,MIA,2,37,185.42,81.64656,5,8,7.5,6.8,5.8
Eddy Curry,19,CHI,1,4,210.82,129.27372,6.7,10.5,14.7,16.1,13.6
Eduardo Najera,24,DAL,2,38,203.2,106.140528,3.3,6.5,6.7,3,5.2
Ekpe Udoh,24,GSW,1,6,208.28,111.13004,4.1,5.6,4.3,3.4,0.9
Elfrid Payton,21,ORL,1,10,193.04,83.91452,8.9,10.7,12.8,12.7,10.6
Elton Brand,21,CHI,1,1,203.2,117.93392,20.1,20.1,18.2,18.5,20
Emeka Okafor,22,CHA,1,2,208.28,114.305184,15.1,13.2,14.4,13.8,13.2
Emmanuel Mudiay,20,DEN,1,7,195.58,90.7184,12.8,11,8.6,14.8,7.3
Enes Kanter,20,UTA,1,3,210.82,121.109064,4.6,7.2,12.3,15.5,12.7
Eric Bledsoe,21,LAC,1,18,185.42,88.45044,6.7,3.3,8.5,17.7,17
Eric Gordon,20,LAC,1,7,190.5,100.697424,16.1,16.9,22.3,20.6,17
Eric Maynor,23,OKC,1,20,190.5,79.3786,4.7,4.2,4.2,4.5,2.6
Erick Dampier,21,IND,1,10,210.82,120.20188,5.1,11.8,8.8,8,7.4
Evan Fournier,20,DEN,1,20,198.12,90.7184,5.3,8.4,12,15.4,17.2
Evan Turner,22,PHI,1,2,200.66,92.98636,7.2,9.4,13.3,14,9.5
Flip Murray,23,OKC,2,41,193.04,86.18248,1.9,12.4,7,11.2,6.7
Francisco Garcia,24,SAC,1,23,200.66,88.45044,5.6,6,12.3,12.7,8.1
Frank Kaminsky,23,CHA,1,9,213.36,108.86208,7.5,11.7,11.1,8.6,9.7
Frank Ntilikina,19,NYK,1,8,195.58,86.18248,5.9,5.7,6.3,2.7,4.1
Fred Jones,24,IND,1,14,187.96,98.883056,1.2,4.9,10.6,9.6,6.5
Gary Harris,20,DEN,1,19,193.04,95.25432,3.4,12.3,14.9,17.5,12.9
George Hill,23,SAS,1,26,187.96,81.64656,5.7,12.4,11.6,9.6,14.2
Georges Niang,24,IND,2,50,203.2,104.32616,0.9,1,4,5.9,6.9
Gerald Henderson,22,CHA,1,12,195.58,97.52228,2.6,9.6,15.1,15.5,14
Gerald Wallace,19,SAC,1,25,200.66,97.52228,3.2,4.7,2,11.1,15.2
Giannis Antetokounmpo,19,MIL,1,15,205.74,92.98636,6.8,12.7,16.9,22.9,26.9
Gilbert Arenas,20,GSW,2,30,190.5,86.636072,10.9,18.3,19.6,25.5,29.3
Glen Davis,22,BOS,2,35,205.74,131.088088,4.5,7,6.3,11.7,9.3
Glenn Robinson III,21,PHI,2,40,200.66,100.697424,2.1,3.8,6.1,4.1,4.2
Goran Dragic,23,PHX,2,45,193.04,81.64656,4.5,7.9,7.5,11.7,14.7
Gordon Hayward,21,UTA,1,9,203.2,93.893544,5.4,11.8,14.1,16.2,19.3
Gorgui Dieng,24,MIN,1,21,210.82,107.954896,4.8,9.7,10.1,10,5.9
Grayson Allen,23,UTA,1,21,195.58,89.811216,5.6,8.7,10.6,11.1,10.4
Greg Monroe,21,DET,1,7,210.82,113.398,9.4,15.4,16,15.2,15.9
Greivis Vasquez,24,MEM,1,28,198.12,95.707912,3.6,8.9,13.9,9.6,9.5
Hakim Warrick,23,MEM,1,19,205.74,99.336648,4.1,12.7,11.4,11.6,9.6
Hamidou Diallo,20,OKC,2,45,195.58,89.811216,3.7,6.9,11.6,11,9.3
Harrison Barnes,21,GSW,1,7,203.2,95.25432,9.2,9.5,10.1,11.7,19.2
Hasheem Thabeet,23,MEM,1,2,220.98,121.109064,3.1,1.1,1.8,2.4,1.2
Hedo Turkoglu,22,SAC,1,16,203.2,99.79024,5.3,10.1,6.7,9.2,14
Henry Ellenson,20,DET,1,18,210.82,111.13004,3.2,4,6,0.4,7.5
Hilton Armstrong,22,NOP,1,12,210.82,106.59412,3.1,2.7,4.8,2.2,1.7
Iman Shumpert,22,NYK,1,17,195.58,99.79024,9.5,6.8,6.7,8,5.8
Isaiah Canaan,23,HOU,2,34,182.88,85.275296,4.6,9.2,11,4.6,8.6
Isaiah Thomas,23,SAC,2,60,175.26,83.91452,11.5,13.9,20.3,16.4,22.2
Ivica Zubac,20,LAL,2,32,215.9,108.86208,7.5,3.7,8.9,8.3,9
JJ Hickson,20,CLE,1,19,205.74,109.769264,4,8.5,13.8,8.4,12.7
JJ Redick,23,ORL,1,11,193.04,86.18248,6,4.1,6,9.6,10.1
JR Smith,19,NOP,1,18,198.12,99.79024,10.3,7.7,13,12.3,15.2
JaVale McGee,21,WAS,1,18,213.36,107.501304,6.5,6.4,10.1,11.3,9.1
Jabari Parker,20,MIL,1,2,203.2,108.86208,12.3,14.1,20.1,12.6,14.5
Jacque Vaughn,23,UTA,1,27,185.42,86.18248,3.1,2.3,3.7,6.1,6.6
Jae Crowder,22,DAL,2,34,198.12,106.59412,5,4.6,7.7,14.2,13.9
Jahidi White,23,WAS,2,43,205.74,131.54168,2.5,7.1,8.6,5.4,4.2
Jahlil Okafor,20,PHI,1,3,210.82,124.7378,17.5,11.8,6.3,8.2,8.1
Jake Layman,23,POR,2,47,205.74,95.25432,2.2,1,7.6,9.1,5.1
Jake Tsakalidis,22,PHX,1,25,218.44,129.27372,4.5,7.3,4.9,4.3,2.5
Jake Voskuhl,23,CHI,2,33,210.82,111.13004,1.9,5,3.8,6.6,2.1
Jakob Poeltl,21,TOR,1,9,213.36,104.32616,3.1,6.9,5.5,5.6,8.6
Jalen Brunson,22,DAL,2,33,190.5,86.18248,9.3,8.2,12.6,16.3,24
Jamaal Magloire,23,CHA,1,19,208.28,117.93392,4.6,8.5,10.3,13.6,11.7
Jamaal Tinsley,24,IND,1,27,190.5,88.45044,9.4,7.8,8.3,15.4,9.3
Jamal Crawford,21,CHI,1,8,195.58,90.7184,4.6,9.3,10.7,17.3,17.7
Jamal Murray,20,DEN,1,7,193.04,93.893544,9.9,16.7,18.2,18.5,21.2
Jamal Sampson,20,MIL,2,46,210.82,106.59412,0,2.9,3.4,0.8,1.1
Jameer Nelson,23,ORL,1,20,182.88,86.18248,8.7,14.6,13,10.9,16.7
James Harden,20,OKC,1,3,195.58,99.79024,9.9,12.2,16.8,25.9,25.4
James Johnson,23,CHI,1,16,205.74,111.13004,3.9,7.1,9.1,5.1,7.4
James Jones,23,IND,2,49,203.2,97.52228,1.2,4.9,9.3,6.4,8
James Posey,23,DEN,1,18,203.2,97.52228,8.2,8.1,10.7,10.8,13.7
Jamie Feick,22,SAS,2,48,203.2,115.66596,3.7,2.3,6.3,5.7,3.7
Jared Dudley,22,CHA,1,22,200.66,102.0582,5.8,5.5,8.2,10.6,12.7
Jared Jeffries,21,WAS,1,11,210.82,104.32616,4,5.7,6.8,6.4,4.1
Jared Sullinger,21,BOS,1,21,205.74,117.93392,6,13.3,13.3,10.3,3.4
Jaren Jackson Jr.,19,MEM,1,4,210.82,109.769264,13.8,17.4,14.4,16.3,18.6
Jarred Vanderbilt,20,DEN,2,41,205.74,97.068688,1.4,1.1,5.4,6.9,7.9
Jarrett Allen,20,BKN,1,22,210.82,106.140528,8.2,10.9,11.1,12.8,16.1
Jarrett Jack,22,POR,1,22,190.5,91.625584,6.7,12,9.9,13.1,11.4
Jarron Collins,23,UTA,2,52,210.82,114.305184,6.4,5.5,6,4.3,5.3
Jarvis Hayes,22,WAS,1,10,200.66,99.79024,9.6,10.2,9.3,7.2,6.7
Jason Collier,23,HOU,1,15,213.36,117.93392,3.1,4.2,2.8,11.3,5.7
Jason Collins,23,BKN,1,18,213.36,117.93392,4.5,5.7,5.9,6.4,3.6
Jason Kapono,23,CLE,2,31,203.2,96.615096,3.5,8.5,4.1,10.9,7.2
Jason Maxiell,23,DET,1,26,200.66,117.93392,2.3,5,7.9,5.8,6.8
Jason Richardson,21,GSW,1,5,198.12,99.79024,14.4,15.6,18.7,21.7,23.2
Jason Terry,22,ATL,1,10,187.96,78.017824,8.1,19.7,19.3,17.2,16.8
Jason Thompson,22,SAC,1,12,210.82,113.398,11.1,12.5,8.8,9.1,10.9
Jason Williams,23,SAC,1,7,185.42,86.18248,12.8,12.3,9.4,14.8,12.1
Jaylen Brown,20,BOS,1,3,200.66,102.0582,6.6,14.5,13,20.3,24.7
Jayson Tatum,20,BOS,1,3,203.2,92.98636,13.9,15.7,23.4,26.4,26.9
Jeff Foster,23,IND,1,21,210.82,107.954896,2.3,3.5,5.7,2.1,6.1
Jeff Teague,22,ATL,1,19,187.96,81.64656,3.2,5.2,12.6,14.6,16.5
Jeff Withey,24,NOP,2,39,213.36,106.59412,3.3,2.6,4.3,2.9,1.5
Jelani McCoy,21,OKC,2,33,208.28,111.13004,5.1,4.3,4.5,1.2,6.8
Jerami Grant,21,PHI,2,39,203.2,95.25432,6.3,9.7,5.5,8.4,13.6
Jeremy Evans,23,UTA,2,55,205.74,88.904032,3.6,2.1,2,6.1,2.4
Jeremy Lamb,21,OKC,1,12,195.58,81.64656,3.1,8.5,6.3,8.8,9.7
Jerian Grant,23,NYK,1,19,193.04,88.45044,5.6,5.9,8.4,4.2,4.5
Jermaine O'Neal,18,POR,1,17,210.82,102.511792,4.1,4.5,2.5,3.9,12.9
Jerome Moiso,23,BOS,1,11,208.28,105.233344,1.5,1.1,4,2.9,1.4
Jerome Williams,24,DET,1,26,205.74,93.439952,1.5,5.3,7.1,8.4,6.3
Jerryd Bayless,20,POR,1,11,190.5,90.7184,4.3,8.5,9.2,11.4,8.7
Jevon Carter,23,MEM,2,32,187.96,88.904032,4.4,4.9,4.1,4.2,8
Jimmer Fredette,23,SAC,1,10,187.96,88.45044,7.6,7.2,5.6,3.6,1.5
Jimmy Butler,22,CHI,1,30,200.66,99.79024,2.6,8.6,13.1,20,20.9
Joakim Noah,23,CHI,1,9,210.82,105.233344,6.6,6.7,10.7,11.7,10.2
Jodie Meeks,22,PHI,2,41,193.04,94.347136,4.7,10.5,8.4,7.9,15.7
Joe Harris,23,CLE,2,33,198.12,102.0582,2.7,0.6,8.2,10.8,13.7
Joe Johnson,21,PHX,1,10,200.66,102.0582,7.5,9.8,16.7,17.1,20.2
Joel Przybilla,21,MIL,1,9,215.9,115.66596,0.8,2.7,1.5,2.9,6.4
Joey Graham,24,TOR,1,16,200.66,102.0582,6.7,6.4,3.6,7.7,4.3
Johan Petro,20,OKC,1,25,213.36,112.037224,5.2,6.2,6,3.3,3.4
John Collins,20,ATL,1,19,208.28,106.59412,10.5,19.5,21.6,17.6,16.2
John Henson,22,MIL,1,14,210.82,99.79024,6,11.1,7,7,6.8
John Jenkins,22,ATL,1,23,193.04,97.52228,6.1,3.1,5.6,4.1,1.8
John Salmons,23,PHI,1,26,200.66,95.25432,2.1,5.8,4.1,7.5,8.5
John Wall,20,WAS,1,1,193.04,88.45044,16.4,16.3,18.5,19.3,17.6
John Wallace,23,NYK,1,18,205.74,102.0582,4.8,14,8.6,6.5,5.9
Jon Leuer,23,MIL,2,40,208.28,103.418976,4.7,2,6.2,4.5,8.5
Jonathan Bender,19,IND,1,5,210.82,91.625584,2.7,3.3,7.4,6.6,7
Jordan Bell,23,GSW,2,38,205.74,101.604608,4.6,3.3,3.2,2.5,0
Jordan Clarkson,23,LAL,2,46,195.58,83.91452,11.9,15.5,14.7,13.9,16.8
Jordan Farmar,20,LAL,1,26,187.96,81.64656,4.4,9.1,6.4,7.2,9.6
Jordan Hamilton,21,DEN,1,26,200.66,99.79024,4.4,5.2,6.7,2.7,11.4
Jordan Hill,22,HOU,1,8,208.28,106.59412,5.2,5.6,5,6.7,9.7
Josh Hart,23,LAL,1,30,195.58,97.52228,7.9,7.8,10.1,9.2,14.9
Josh Howard,24,DAL,1,29,200.66,95.25432,8.6,12.6,15.6,18.9,19.9
Josh Jackson,21,PHX,1,4,203.2,90.7184,13.1,11.5,9,13.4,6.4
Josh McRoberts,21,POR,2,37,208.28,108.86208,1.5,2.4,4.3,7.4,2.8
Josh Okogie,20,MIN,1,20,193.04,96.161504,7.7,8.6,5.4,2.7,7.3
Josh Richardson,22,MIA,2,40,198.12,90.7184,6.6,10.2,12.9,16.6,13.7
Josh Smith,19,ATL,1,17,205.74,102.0582,9.7,11.3,16.4,17.2,15.6
Jrue Holiday,20,PHI,1,17,193.04,81.64656,8,14,13.5,17.7,14.3
Juan Dixon,24,WAS,1,17,190.5,74.389088,6.4,9.4,8,12.3,9.6
Juancho Hernangomez,21,DEN,1,15,205.74,104.32616,4.9,3.3,5.8,6,7.2
Julius Randle,20,LAL,1,7,205.74,113.398,2,11.3,13.2,16.1,21.4
Jumaine Jones,21,PHI,1,27,203.2,98.883056,1.7,4.7,8.3,9.8,2.2
Justin Anderson,22,DAL,1,21,198.12,103.418976,3.8,7.1,6.2,3.7,2.8
Justin Jackson,23,SAC,1,15,203.2,95.25432,6.7,7.2,5.5,7.2,2.1
Justise Winslow,20,MIA,1,10,200.66,102.0582,6.4,10.9,7.8,12.6,11.3
Jusuf Nurkic,20,DEN,1,16,210.82,127.00576,6.9,8.2,10.2,14.3,15.6
Karl-Anthony Towns,20,MIN,1,1,213.36,110.676448,18.3,25.1,21.3,24.4,26.5
Kawhi Leonard,21,SAS,1,15,200.66,102.0582,7.9,11.9,12.8,16.5,21.2
Keita Bates-Diop,23,MIN,2,48,205.74,103.872568,5,6.5,2.6,5.7,9.7
Keith Bogans,24,ORL,2,43,195.58,97.52228,6.8,9.6,8.6,5.1,8.7
Keith Van Horn,22,BKN,1,2,208.28,99.79024,19.7,21.8,19.2,17,14.8
Kelly Olynyk,23,BOS,1,13,213.36,107.954896,8.7,10.3,10,9,11.5
Kelly Oubre Jr.,20,WAS,1,15,200.66,92.98636,3.7,6.3,11.8,15.2,18.7
Kelvin Cato,23,POR,1,15,210.82,115.66596,3.8,3.5,8.7,4.7,6.6
Kemba Walker,22,CHA,1,9,185.42,83.460928,12.1,17.7,17.7,17.3,20.9
Kendrick Perkins,19,BOS,1,27,208.28,127.00576,2.2,2.5,5.2,4.5,6.9
Kenneth Faried,22,DEN,1,22,203.2,103.418976,10.2,11.5,13.7,12.6,12.5
Kenny Thomas,22,HOU,1,22,203.2,117.93392,8.3,7.1,14.1,10.1,13.6
Kentavious Caldwell-Pope,21,DET,1,8,195.58,92.98636,5.9,12.7,14.5,13.8,13.4
Kenyon Martin,23,BKN,1,1,205.74,104.32616,12,14.9,16.7,16.7,15.5
Keon Clark,24,DEN,1,13,210.82,99.79024,3.3,8.6,7.9,11.3,6.7
Kevin Durant,19,OKC,1,2,205.74,97.52228,20.3,25.3,30.1,27.7,28
Kevin Huerter,20,ATL,1,19,200.66,86.18248,9.7,12.2,11.9,12.1,15.2
Kevin Knox II,19,NYK,1,9,205.74,97.52228,12.8,6.4,3.9,3.1,6.6
Kevin Love,20,MIN,1,5,208.28,117.93392,11.1,14,20.2,26,18.3
Kevin Martin,22,SAC,1,26,200.66,83.91452,2.9,10.8,20.2,23.7,24.6
Kevin Seraphin,21,WAS,1,17,205.74,124.7378,2.7,7.9,9.1,4.7,6.6
Kevon Looney,20,GSW,1,30,205.74,99.79024,1.8,2.5,4,6.3,3.4
Keyon Dooling,21,LAC,1,10,195.58,87.543256,5.9,4.1,6.4,6.2,5.2
Khris Middleton,21,DET,2,39,200.66,97.52228,6.1,12.1,13.4,18.2,14.7
Kirk Hinrich,23,CHI,1,7,190.5,86.18248,12,15.7,15.9,16.6,11.5
Klay Thompson,22,GSW,1,11,200.66,92.98636,12.5,16.6,18.4,21.7,22.1
Kobe Bryant,18,LAL,1,13,200.66,90.7184,7.6,15.4,19.9,22.5,28.5
Kosta Koufos,20,UTA,1,23,213.36,120.20188,4.7,1.5,3.2,5.5,8
Kris Dunn,23,MIN,1,5,193.04,92.98636,3.8,13.4,11.3,7.3,1.3
Kris Humphries,20,UTA,1,14,205.74,106.59412,4.1,3,3.8,5.7,3.9
Kwame Brown,20,WAS,1,1,210.82,110.222856,4.5,7.4,10.9,7,7.4
Kyle Anderson,21,SAS,1,30,205.74,104.32616,2.2,4.5,3.4,7.9,8
Kyle Korver,23,PHI,2,51,200.66,95.25432,4.5,11.5,11.5,14.4,9.9
Kyle Kuzma,22,LAL,1,27,205.74,99.79024,16.1,18.7,12.8,12.9,17.1
Kyle Lowry,21,MEM,1,24,182.88,79.3786,5.6,9.6,7.6,9.1,13.5
Kyle O'Quinn,23,ORL,2,49,208.28,108.86208,4.1,6.2,5.8,4.8,6.3
Kyrie Irving,20,CLE,1,1,190.5,86.636072,18.5,22.5,20.8,21.7,19.6
Kyrylo Fesenko,21,UTA,2,38,215.9,130.634496,1.6,2.3,2.6,2,2.7
LaMarcus Aldridge,21,POR,1,2,210.82,111.13004,9,17.8,18.1,17.9,21.8
Lamar Odom,20,LAC,1,4,208.28,99.79024,16.6,17.2,13.1,14.6,17.1
Lance Stephenson,20,IND,2,40,195.58,95.25432,3.1,2.5,8.8,13.8,8.2
Landry Fields,23,NYK,2,39,200.66,95.25432,9.7,8.8,4.7,2.3,1.8
Landry Shamet,22,LAC,1,26,195.58,85.275296,9.1,9.3,9.3,8.3,8.7
Larry Hughes,20,PHI,1,8,195.58,83.91452,9.1,15,16.5,12.3,12.8
Larry Nance Jr.,23,LAL,1,27,205.74,104.32616,5.5,7.1,8.7,9.4,10.1
Larry Sanders,22,MIL,1,15,210.82,106.59412,4.3,3.6,9.8,7.7,7.3
Lauri Markkanen,21,CHI,1,7,213.36,104.32616,15.2,18.7,14.7,13.6,14.8
Lavoy Allen,23,PHI,2,50,205.74,102.0582,4.1,5.8,4.7,5,5.4
LeBron James,19,CLE,1,1,203.2,108.86208,20.9,27.2,31.4,27.3,30
Leandro Barbosa,21,PHX,1,28,190.5,79.832192,7.9,7,13.1,18.1,15.6
Leon Powe,23,BOS,2,49,203.2,108.86208,4.2,7.9,7.7,4,5.3
Lonnie Walker IV,20,SAS,1,18,195.58,92.98636,2.6,6.4,11.2,12.1,11.7
Lonzo Ball,20,LAL,1,2,198.12,86.18248,10.2,9.9,11.8,14.6,13
Loren Woods,24,MIN,2,45,215.9,111.583632,1.8,2.1,3.2,3.9,2.3
Lorenzen Wright,21,LAC,1,7,210.82,108.86208,7.3,9,6.6,6,12.4
Lou Williams,19,PHI,2,45,185.42,79.3786,1.9,4.3,11.5,12.8,14
Luc Mbah a Moute,22,MIL,2,37,203.2,104.32616,7.2,6.2,6.7,7.7,6.7
Luka Doncic,20,DAL,1,3,200.66,98.883056,21.2,28.8,27.7,28.4,32.4
Luke Babbitt,22,POR,1,16,205.74,102.0582,1.5,5.1,3.9,6.3,4.1
Luke Kennard,22,DET,1,12,195.58,90.7184,7.6,9.7,15.8,8.3,11.9
Luke Ridnour,23,OKC,1,14,187.96,79.3786,5.5,10,11.5,11,6.4
Luke Walton,24,LAL,2,32,203.2,106.59412,2.4,3.2,5,11.4,7.2
Luol Deng,20,CHI,1,7,203.2,99.79024,11.7,14.3,18.8,17,14.1
Luther Head,23,HOU,1,24,190.5,83.91452,8.8,10.9,7.6,4.7,7.6
Malcolm Brogdon,24,MIL,2,36,195.58,97.52228,10.2,13,15.6,16.5,21.2
Malik Beasley,20,DEN,1,19,195.58,88.904032,3.8,3.2,11.3,11.2,19.6
Malik Monk,20,CHA,1,11,190.5,90.7184,6.7,8.9,10.3,11.7,13.8
Malik Rose,22,CHA,2,44,200.66,113.398,3,3,6,6.7,7.7
Mamadou N'diaye,26,TOR,1,26,213.36,115.66596,1.3,4,5.5,3.5,1.8
Marco Belinelli,22,GSW,1,18,195.58,87.089664,2.9,8.9,7.1,10.5,11.8
Marcus Banks,22,BOS,1,13,187.96,90.7184,5.9,4.6,10,4.9,6.6
Marcus Camby,23,TOR,1,2,210.82,99.79024,14.8,12.1,7.2,10.2,12
Marcus Fizer,22,CHI,1,4,205.74,118.841104,9.5,12.3,11.7,7.8,6.2
Marcus Morris,22,HOU,1,14,205.74,106.59412,2.4,7.7,9.7,10.4,14.1
Marcus Smart,21,BOS,1,6,193.04,99.79024,7.8,9.1,10.6,10.2,8.9
Marcus Thornton,23,NOP,2,43,193.04,92.98636,14.5,12.8,18.7,12.7,9.8
Mario Chalmers,23,MIA,2,34,185.42,86.18248,10,7.1,6.4,9.8,8.6
Mario Hezonja,21,ORL,1,5,203.2,98.883056,6.1,4.9,9.6,8.8,4.8
Mark Madsen,25,LAL,1,29,205.74,108.86208,2,2.8,3.2,3.6,2.1
Markelle Fultz,20,PHI,1,1,193.04,90.7184,7.1,8.2,12.1,12.9,10.8
Markieff Morris,22,PHX,1,13,208.28,111.13004,7.4,8.2,13.8,15.3,12
Marquese Chriss,19,PHX,1,8,208.28,105.686936,9.2,7.7,4.2,9.3,6.5
Marreese Speights,21,PHI,1,16,208.28,111.13004,7.7,8.6,5.4,8.8,8.3
Martell Webster,19,POR,1,6,200.66,95.25432,6.6,7,10.7,0,9.4
Marvin Bagley III,20,SAC,1,2,210.82,106.140528,14.9,14.2,14.1,11.3,12
Marvin Williams,20,ATL,1,2,205.74,104.32616,8.5,13.1,14.8,13.9,10.1
Mason Plumlee,24,BKN,1,22,210.82,106.59412,7.4,8.7,9.1,10.4,7.1
Mateen Cleaves,23,DET,1,14,187.96,92.98636,5.4,2.2,1.3,3.8,0.9
Matt Harpring,23,ORL,1,15,200.66,104.779752,8.2,4,11.1,11.8,17.6
Maurice Harkless,20,ORL,1,15,203.2,95.25432,8.2,7.4,3.5,6.4,10
Melvin Ely,25,LAC,1,12,208.28,117.93392,4.5,3.7,7.3,9.8,3
Metta World Peace,20,CHI,1,16,198.12,110.676448,12,11.9,13.2,15.5,18.3
Meyers Leonard,21,POR,1,11,215.9,111.13004,5.5,2.5,5.9,8.4,5.4
Michael Beasley,20,MIA,1,2,205.74,111.13004,13.9,14.8,19.2,11.5,10.1
Michael Bradley,23,TOR,1,17,205.74,102.965384,1.2,5,0.9,1.8,1.5
Michael Carter-Williams,22,PHI,1,11,198.12,83.91452,16.7,14.6,11.5,6.6,4.6
Michael Dickerson,24,HOU,1,14,195.58,86.18248,10.9,18.2,16.3,10.8,4.8
Michael Doleac,22,ORL,1,12,210.82,118.841104,6.2,7,6.4,4.6,4.4
Michael Kidd-Gilchrist,19,CHA,1,2,200.66,105.233344,9,7.2,10.9,12.7,9.2
Michael Olowokandi,24,LAC,1,1,213.36,122.016248,8.9,9.8,8.5,11.1,12.3
Michael Redd,21,MIL,2,43,198.12,97.068688,2.2,11.4,15.1,21.7,23
Mickael Pietrus,22,GSW,1,11,198.12,95.25432,5.3,9.5,9.3,11.1,7.2
Mikal Bridges,22,PHX,1,10,200.66,95.25432,8.3,9.1,13.5,14.2,20.1
Mike Bibby,21,MEM,1,2,187.96,86.18248,13.2,14.5,15.9,13.7,15.9
Mike Conley,20,MEM,1,4,185.42,81.64656,9.4,10.9,12,13.7,12.7
Mike Dunleavy,22,GSW,1,3,205.74,100.243832,5.7,11.7,13.4,11.5,12.8
Mike Miller,21,ORL,1,5,203.2,98.883056,11.9,15.2,15.6,11.1,13.4
Mike Muscala,22,ATL,2,44,210.82,108.408488,3.8,4.9,3.3,6.2,7.6
Mike Scott,24,ATL,2,43,203.2,107.501304,4.6,9.6,7.8,6.2,2.5
Miles Plumlee,24,IND,1,26,210.82,115.66596,0.9,8.1,4,5.1,2.5
Mitchell Robinson,21,NYK,2,36,215.9,108.86208,7.3,9.7,8.3,8.5,7.4
Mo Bamba,21,ORL,1,6,213.36,100.243832,6.2,5.4,8,10.6,6.6
Mo Williams,21,UTA,2,47,185.42,83.91452,5,10.2,12.1,17.3,17.2
Monta Ellis,20,GSW,2,40,190.5,80.285784,6.8,16.5,20.2,19,25.5
Monte Morris,23,DEN,2,51,190.5,79.3786,3.3,10.4,9,10.2,12.6
Montrezl Harrell,22,HOU,2,32,203.2,108.86208,3.6,9.1,11,16.6,18.6
Moritz Wagner,22,LAL,1,25,210.82,111.13004,4.8,8.7,6.9,9,10.5
Morris Peterson,23,TOR,1,21,200.66,98.883056,9.3,14,14.1,8.3,12.5
Myles Turner,20,IND,1,11,210.82,110.222856,10.3,14.5,12.7,13.3,12.1
Nate Robinson,22,NYK,1,21,175.26,81.64656,9.3,10.1,12.7,17.2,10.1
Nazr Mohammed,21,PHI,1,29,208.28,108.86208,1.6,1.9,7.6,9.7,4.6
Nene,20,DEN,1,7,210.82,117.93392,10.5,11.8,9.6,0,12.2
Nick Young,23,WAS,1,16,198.12,90.7184,7.5,10.9,8.6,17.4,14.2
Nicolas Batum,20,POR,1,25,203.2,90.7184,5.4,10.1,12.4,13.9,14.3
Nik Stauskas,21,SAC,1,8,198.12,92.98636,4.4,8.5,9.5,4.4,5.9
Nikola Vucevic,21,PHI,1,16,213.36,108.86208,5.5,13.1,14.2,19.3,18.2
Noah Vonleh,19,CHA,1,9,208.28,108.86208,3.3,3.6,4.4,4.9,8.4
Norman Powell,23,TOR,2,46,193.04,97.52228,5.6,8.4,5.5,8.6,16
Norris Cole,23,MIA,1,28,187.96,79.3786,6.8,5.6,6.4,7.6,10.6
O.J. Mayo,21,MEM,1,3,193.04,95.25432,18.5,17.5,11.3,12.6,15.3
OG Anunoby,20,TOR,1,23,203.2,106.59412,5.9,7,10.6,15.9,17.1
Omri Casspi,22,SAC,1,23,205.74,102.0582,10.3,8.6,7.1,4,6.9
Othella Harrington,23,HOU,2,30,205.74,106.59412,4.8,6,9.8,13.1,9
Otto Porter Jr.,21,WAS,1,3,203.2,89.811216,2.1,6,11.6,13.4,14.7
Pascal Siakam,23,TOR,1,27,205.74,104.32616,4.2,7.3,16.9,22.9,21.4
Pat Connaughton,23,POR,2,41,195.58,93.439952,1.1,2.5,5.4,6.9,5.4
Pat Garrity,22,PHX,1,19,205.74,107.954896,5.6,8.2,8.3,11.1,10.7
Patrick McCaw,21,GSW,2,38,200.66,83.91452,4,4,2.6,4.6,1
Patrick Patterson,22,HOU,1,14,205.74,106.59412,6.3,7.7,10.4,8.5,8
Patty Mills,21,POR,2,55,182.88,83.91452,2.6,5.5,10.3,5.1,10.2
Pau Gasol,21,MEM,1,3,213.36,102.965384,17.6,19,17.7,17.8,20.4
Paul George,21,IND,1,10,203.2,95.25432,7.8,12.1,17.4,21.7,8.8
Paul Millsap,22,UTA,2,47,203.2,117.026736,6.8,8.1,13.5,11.6,17.3
Paul Pierce,21,BOS,1,10,200.66,99.79024,16.5,19.5,25.3,26.1,25.9
Quentin Richardson,21,LAC,1,18,198.12,101.151016,8.1,13.3,9.4,17.2,14.9
Quincy Acy,22,TOR,2,37,200.66,102.0582,4,2.7,5.9,5.2,5.8
Quincy Pondexter,23,NOP,1,26,198.12,102.0582,2.8,4.2,6.4,6.3,7.2
Raef LaFrentz,23,DEN,1,3,210.82,108.86208,13.8,12.4,12.9,13.5,9.3
Rajon Rondo,21,BOS,1,21,185.42,77.564232,6.4,10.6,11.9,13.7,10.6
Ramon Sessions,22,MIL,2,56,190.5,86.18248,8.1,12.4,8.2,13.3,11.3
Randy Foye,23,MIN,1,7,193.04,96.615096,10.1,13.1,16.3,10.1,9.8
Randy Livingston,22,HOU,2,42,193.04,94.800728,3.9,0.8,12,4.8,0
Rashard Lewis,19,OKC,2,32,208.28,97.52228,2.4,8.2,14.8,16.8,18.1
Rasho Nesterovic,23,MIN,1,17,213.36,112.490816,4,5.7,4.5,8.4,11.2
Rasual Butler,24,MIA,2,52,200.66,92.98636,7.5,6.8,6.5,8.7,10.1
Ray Allen,21,MIL,1,5,195.58,92.98636,13.4,19.5,17.1,22.1,22
Raymond Felton,22,CHA,1,5,185.42,89.811216,11.9,14,14.4,14.2,12.1
Reggie Bullock,23,LAC,1,25,200.66,92.98636,2.7,1.9,3.3,4.5,11.3
Reggie Jackson,22,OKC,1,24,190.5,94.347136,3.1,5.3,13.1,14.5,18.8
Renaldo Balkman,22,NYK,1,20,203.2,94.347136,4.9,3.4,5,1.1,2
Richard Hamilton,22,WAS,1,7,198.12,83.91452,9,18.1,20,19.7,17.6
Richard Jefferson,22,BKN,1,13,200.66,100.697424,9.4,15.5,18.5,22.2,19.5
Richaun Holmes,22,PHI,2,37,208.28,111.13004,5.6,9.8,6.5,8.2,12.3
Ricky Davis,19,CHA,1,21,200.66,88.45044,4.5,4.7,4.6,11.7,20.6
Robert Traylor,22,MIL,1,6,203.2,128.820128,5.3,3.6,5.7,3.7,3.9
Robert Williams III,21,BOS,1,27,208.28,108.86208,2.5,5.2,8,10,8
Robin Lopez,21,PHX,1,15,213.36,115.66596,3.2,8.4,6.4,5.4,11.3
Rodney Carney,23,PHI,1,16,200.66,92.98636,6.6,5.8,7.2,4.7,4.7
Rodney Hood,22,UTA,1,23,203.2,97.52228,8.7,14.5,12.7,14.7,11.2
Rodney Stuckey,22,DET,1,15,195.58,92.98636,7.6,13.4,16.6,15.5,14.8
Ron Mercer,22,BOS,1,6,200.66,95.25432,15.3,17,16.9,19.7,13.9
Rondae Hollis-Jefferson,21,BKN,1,23,200.66,99.79024,5.8,8.7,13.9,8.9,7
Ronnie Brewer,22,UTA,1,14,200.66,98.883056,4.6,12,13.7,8.8,6.2
Ronny Turiaf,23,LAL,2,37,208.28,112.944408,2,5.3,6.6,5.9,4.9
Roy Hibbert,22,IND,1,17,218.44,126.098576,7.1,11.7,12.7,12.8,11.9
Royal Ivey,23,ATL,2,37,190.5,90.7184,3.5,3.6,3,5.6,3
Ruben Patterson,23,LAL,2,31,198.12,102.965384,2.7,11.6,13,11.2,8.3
Rudy Gay,20,MEM,1,8,205.74,99.79024,10.8,20.1,18.9,19.6,19.8
Rudy Gobert,22,UTA,1,27,215.9,111.13004,2.3,8.4,9.1,14,13.5
Russell Westbrook,20,OKC,1,4,190.5,84.821704,15.3,16.1,21.9,23.6,23.2
Ryan Anderson,21,BKN,1,21,208.28,108.86208,7.4,7.7,10.6,16.1,16.2
Ryan Gomes,23,BOS,2,50,200.66,113.398,7.6,12.1,12.6,13.3,10.9
Ryan Hollins,22,CHA,2,50,213.36,104.32616,2.4,2.5,3.2,6.1,5.3
Samaki Walker,21,DAL,1,9,205.74,108.86208,4.9,8.9,5.9,5.1,5.3
Sasha Pavlovic,20,UTA,1,19,200.66,95.25432,4.8,4.8,4.5,9,7.4
Sasha Vujacic,21,LAL,1,27,200.66,87.543256,2.9,3.9,4.3,8.8,5.8
Scot Pollard,23,DET,1,19,210.82,120.20188,2.7,5.1,5.4,6.5,6.4
Scott Padgett,24,UTA,1,28,205.74,108.86208,2.6,2.1,6.7,5.7,3.4
Sebastian Telfair,20,POR,1,13,182.88,72.57472,6.8,9.5,6.1,9.3,9.8
Semi Ojeleye,23,BOS,2,37,200.66,106.59412,2.7,3.3,3.4,4.6,3.3
Shabazz Muhammad,21,MIN,1,14,198.12,100.697424,3.9,13.5,10.5,9.9,5
Shabazz Napier,23,MIA,1,24,185.42,79.3786,5.1,3.7,4.1,8.7,9.4
Shai Gilgeous-Alexander,20,LAC,1,11,198.12,82.100152,10.8,19,23.7,24.5,31.4
Shake Milton,22,PHI,2,54,198.12,93.893544,4.4,9.4,13,8.2,8.4
Shammond Williams,24,ATL,2,34,185.42,91.171992,1.5,5.2,6.8,4.4,8
Shandon Anderson,23,UTA,2,54,198.12,94.347136,5.9,8.3,8.5,12.3,8.7
Shane Battier,23,MEM,1,6,203.2,99.79024,14.4,9.7,8.5,9.9,10.1
Shannon Brown,21,CLE,1,25,193.04,92.98636,3.2,5.4,4.2,8.1,8.7
Shareef Abdur-Rahim,20,MEM,1,3,205.74,104.32616,18.7,22.3,23,20.3,20.5
Shawn Marion,22,PHX,1,9,200.66,97.52228,10.2,17.3,19.1,21.2,19
Shelden Williams,23,ATL,1,5,205.74,113.398,5.5,4,4.1,3.7,4.5
Shelvin Mack,22,WAS,2,34,190.5,93.893544,3.6,4.6,7.5,5.4,8.6
Solomon Hill,23,IND,1,23,200.66,102.0582,1.7,8.9,4.2,7,2.4
Solomon Jones,22,ATL,2,33,208.28,104.32616,3.3,1,3,4,3.6
Spencer Dinwiddie,22,DET,2,38,198.12,90.7184,4.3,4.8,7.3,12.6,16.8
Spencer Hawes,20,SAC,1,10,213.36,111.13004,4.7,11.4,10,7.2,9.6
Stanley Johnson,20,DET,1,8,200.66,111.13004,8.1,4.4,8.7,6.9,2.4
Stephen Curry,22,GSW,1,7,190.5,83.91452,17.5,18.6,14.7,22.9,24
Stephon Marbury,20,MIN,1,4,187.96,81.64656,15.8,17.7,21.3,22.2,23.9
Sterling Brown,23,MIL,2,46,198.12,104.32616,4,6.4,5.1,8.2,3.3
Steve Blake,24,WAS,2,38,190.5,78.017824,5.9,4.3,8.2,6.4,8.5
Steve Francis,23,HOU,1,2,190.5,87.543256,18,19.9,21.6,21,16.6
Steve Nash,23,PHX,1,15,190.5,88.45044,3.3,9.1,7.9,8.6,15.6
Steve Novak,24,HOU,2,32,208.28,99.79024,1.5,3.9,6.9,2.1,3.5
Steven Adams,20,OKC,1,12,213.36,115.66596,3.3,7.7,8,11.3,13.9
Steven Hunter,20,ORL,1,15,208.28,101.604608,3.6,3.9,3.2,4.6,6.1
Stromile Swift,21,MEM,1,2,205.74,102.0582,4.9,11.8,9.7,9.4,10.1
Svi Mykhailiuk,22,DET,2,47,203.2,92.98636,3.2,9,8.5,4.6,6.9
Taj Gibson,25,CHI,1,26,205.74,102.0582,9,7.1,7.7,8,13
Tariq Abdul-Wahad,23,SAC,1,11,198.12,101.151016,6.4,9.3,11.4,3.8,5.6
Taurean Prince,23,ATL,1,12,203.2,99.79024,5.7,14.1,13.5,12.1,9.5
Tayshaun Prince,23,DET,1,23,205.74,97.52228,3.3,10.3,14.7,14.1,14.3
Terrence Jones,21,HOU,1,18,205.74,114.305184,5.5,12.1,11.7,8.7,10.8
Terrence Ross,22,TOR,1,8,198.12,88.45044,6.4,10.9,9.8,9.9,11
Terry Rozier,22,BOS,1,16,187.96,86.18248,1.8,5.5,11.3,9,18
Thabo Sefolosha,23,CHI,1,13,200.66,97.52228,3.6,6.7,5.9,6,5.1
Thaddeus Young,20,PHI,1,12,203.2,99.79024,8.2,15.3,13.8,12.7,12.8
Thomas Bryant,20,LAL,2,42,208.28,112.490816,1.5,10.5,13.2,14.3,7.4
Thomas Robinson,22,HOU,1,5,208.28,107.501304,4.8,4.8,5.7,4.3,5
Thon Maker,20,MIL,1,10,215.9,101.151016,4,4.8,5,4.7,3.8
Tim Duncan,22,SAS,1,1,213.36,112.490816,21.1,21.7,23.2,22.2,25.5
Tim Hardaway Jr.,22,NYK,1,24,198.12,92.98636,10.2,11.5,6.4,14.5,17.5
Tim Thomas,21,PHI,1,7,208.28,104.32616,11,7.2,11.8,12.6,11.7
Timothe Luwawu-Cabarrot,22,PHI,1,24,198.12,92.98636,6.4,5.8,4.6,7.8,6.4
Tobias Harris,19,MIL,1,19,203.2,102.511792,5,11,14.6,17.1,14.7
Todd Fuller,22,GSW,1,11,210.82,115.66596,4,4,3.4,3.3,2.8
Toney Douglas,24,NYK,1,29,185.42,90.7184,8.6,10.6,6.2,7.5,4
Tony Allen,23,BOS,1,25,193.04,96.615096,6.4,7.2,11.5,6.6,7.8
Tony Battie,22,DEN,1,5,210.82,108.86208,8.4,6.7,6.6,6.5,6.9
Tony Bradley,20,UTA,1,28,208.28,112.490816,0.9,5.7,4.9,7.1,3
Tony Delk,23,CHA,1,16,187.96,85.728888,5.4,10.1,6.8,6.4,12.3
Tony Parker,20,SAS,1,28,187.96,80.285784,9.2,15.5,14.7,16.6,18.9
Tony Snell,22,CHI,1,20,200.66,90.7184,4.5,6,5.3,8.5,6.9
Tracy McGrady,19,TOR,1,9,203.2,95.25432,7,9.3,15.4,26.8,25.6
Trae Young,20,ATL,1,5,187.96,81.64656,19.1,29.6,25.3,28.4,26.2
Travis Diener,24,ORL,2,38,185.42,79.3786,3.8,3.8,6.9,3.7,0.7
Travis Knight,22,LAL,1,29,213.36,106.59412,4.8,6.5,4.2,1.7,0.6
Travis Outlaw,19,POR,1,23,205.74,95.25432,1,5.4,5.8,9.6,13.3
Trenton Hassell,23,CHI,2,29,195.58,90.7184,8.7,4.2,5,6.6,9.2
Trevor Ariza,20,NYK,2,43,203.2,90.7184,5.9,4.6,8.9,5.5,8.9
Trevor Booker,23,WAS,1,23,203.2,108.86208,5.3,8.4,5.3,6.8,7.2
Trey Burke,21,UTA,1,9,185.42,86.18248,12.8,12.8,10.6,5,12.8
Trey Lyles,20,UTA,1,12,208.28,106.140528,6.1,6.2,9.9,8.5,6.4
Tristan Thompson,21,CLE,1,4,205.74,102.965384,8.2,11.7,11.7,8.5,7.8
Troy Brown Jr.,19,WAS,1,15,200.66,97.52228,4.8,10.4,4.7,4.3,7.1
Troy Murphy,22,GSW,1,14,210.82,111.13004,5.9,11.7,10,15.4,14
Ty Lawson,22,DEN,1,18,180.34,88.45044,8.3,11.7,16.4,16.7,17.6
Tyler Hansbrough,24,IND,1,13,205.74,113.398,8.5,11,9.3,7,4.9
Tyler Zeller,23,CLE,1,17,213.36,113.398,7.9,5.7,10.2,6.1,3.5
Tyreke Evans,20,SAC,1,4,198.12,99.79024,20.1,17.8,16.5,15.2,14.5
Tyronn Lue,22,LAL,1,23,182.88,79.3786,5,6,3.4,7.8,8.6
Tyrus Thomas,20,CHI,1,4,205.74,97.52228,5.2,6.8,10.8,9.4,10.2
Tyson Chandler,19,CHI,1,2,215.9,106.59412,6.1,9.2,6.1,8,5.3
Tyus Jones,20,MIN,1,24,187.96,88.45044,4.2,3.5,5.1,6.9,7.4
Victor Oladipo,22,ORL,1,2,193.04,97.52228,13.8,17.9,16,15.9,23.1
Vince Carter,22,TOR,1,5,200.66,97.52228,18.3,25.7,27.6,24.7,20.6
Vitaly Potapenko,22,CLE,1,12,208.28,127.00576,5.8,7.1,10,9.2,7.5
Vladimir Radmanovic,21,OKC,1,12,208.28,106.140528,6.7,10.1,12,11.8,9.8
Vladimir Stepania,23,OKC,1,27,213.36,107.047712,5.5,2.5,2.8,4.3,5.6
Wally Szczerbiak,23,MIN,1,6,200.66,110.222856,11.6,14,18.7,17.6,10.2
Walter McCarty,23,NYK,1,19,208.28,104.32616,1.8,9.6,5.7,3.8,2.2
Wayne Ellington,22,MIN,1,28,193.04,90.7184,6.6,6.6,6.1,7.9,3.2
Wendell Carter Jr.,20,CHI,1,7,208.28,115.66596,10.3,11.3,11.2,15,15.2
Wes Iwundu,23,ORL,2,33,200.66,88.45044,3.7,5,5.8,2.4,7.3
Wesley Johnson,23,MIN,1,4,200.66,92.98636,9,6,8,9.1,9.9
Will Barton,22,POR,2,40,195.58,77.11064,4,4,6.8,14.4,13.7
Willie Cauley-Stein,22,SAC,1,6,213.36,108.86208,7,8.1,12.8,11.9,7.2
Willie Green,22,PHI,2,41,193.04,90.7184,6.9,7.7,7,11.3,12.4
Wilson Chandler,21,NYK,1,23,203.2,99.79024,7.3,14.4,15.3,15.3,9.4
Xavier Henry,20,MEM,1,12,198.12,99.79024,4.3,5.3,3.9,10,2.2
Yao Ming,22,HOU,1,1,226.06,134.263232,13.5,17.5,18.3,22.3,25
Yi Jianlian,20,MIL,1,6,213.36,107.954896,8.6,8.6,12,5.6,2.6
Zach LaVine,20,MIN,1,13,195.58,83.007336,10.1,14,18.9,16.7,23.7
Zach Randolph,20,POR,1,19,205.74,122.46984,2.8,8.4,20.1,18.9,18
Zaza Pachulia,20,ORL,2,42,210.82,108.86208,3.3,6.2,11.7,12.2,5.2
